Minkowski p,0.07,0.09
5,0.5799548394044799,0.4885612290958768
6,0.4885612290958768,0.4885612290958768
