Minkowski p,0.02,0.03
1,0.5263914128092737,0.5260521114454982
2,0.5312080553298419,0.535202852538921
